{
    "name": "Distance",
    "roles": [
        "Distance"
    ],
    "lookups": [
        "free-text",
        "keywords"
    ],
    "keywords": [
        {
            "keyword": "\u062f\u0648\u0631",
            "synonyms": [
                "\u062f\u0648\u0631"
            ]
        },
        {
            "keyword": "\u0646\u0632\u062f\u06cc\u06a9",
            "synonyms": [
                "\u0646\u0632\u062f\u06cc\u06a9"
            ]
        },
        {
            "keyword": "\u0648\u0633\u0637",
            "synonyms": [
                "\u0648\u0633\u0637"
            ]
        }
    ]
}
