timestamp,interval_number,trial_number,is_dynamic_obstacle_present,extra_fb_modality,degree,degree_int,level,is_haptic_feedback,right_index_button,left_index_button
0.00412,0,0,FALSE,0,0,0,0,FALSE,0,0
0.23524,0,0,FALSE,0,0,0,0,FALSE,0,0
0.37497,0,0,FALSE,0,0,0,0,FALSE,0,0
0.52016,0,0,FALSE,0,0,0,0,FALSE,0,0
0.65222,0,0,FALSE,0,0,0,0,FALSE,0,0
0.80555,0,0,FALSE,0,0,0,0,FALSE,0,0
0.93555,0,0,FALSE,0,0,0,0,FALSE,0,0
1.08379,0,0,FALSE,0,0,0,0,FALSE,0,0
1.22284,0,0,FALSE,0,0,0,0,FALSE,0,0
1.35421,0,0,FALSE,0,0,0,0,FALSE,0,0
1.48725,0,0,FALSE,0,0,0,0,FALSE,0,0
1.62654,0,0,FALSE,0,0,0,0,FALSE,0,0
1.7712,0,0,FALSE,0,0,0,0,FALSE,0,0
1.90347,0,0,FALSE,0,0,0,0,FALSE,0,0
2.04262,0,0,FALSE,0,0,0,0,FALSE,0,0
2.18805,0,0,FALSE,0,0,0,0,FALSE,0,0
2.33677,0,0,FALSE,0,0,0,0,FALSE,0,0
2.47512,0,0,FALSE,0,0,0,0,FALSE,0,0
2.60403,0,0,FALSE,0,0,0,0,FALSE,0,0
2.73736,0,0,FALSE,0,0,0,0,FALSE,0,0
2.87729,0,0,FALSE,0,0,0,0,FALSE,0,0
3.02225,0,0,FALSE,0,0,0,0,FALSE,0,0
3.1553,0,0,FALSE,0,0,0,0,FALSE,0,0
3.29416,0,0,FALSE,0,0,0,0,FALSE,0,0
3.44054,0,0,FALSE,0,0,0,0,FALSE,0,0
3.59802,0,0,FALSE,0,0,0,0,FALSE,0,0
3.75242,0,0,FALSE,0,0,0,0,FALSE,0,0
3.952,0,0,FALSE,0,0,0,0,FALSE,0,0
4.08536,0,0,FALSE,0,0,0,0,FALSE,0,0
4.22469,0,0,FALSE,0,0,0,0,FALSE,0,0
4.36274,0,0,FALSE,0,0,0,0,FALSE,0,0
4.50386,0,0,FALSE,0,0,0,0,FALSE,0,0
4.64063,0,0,FALSE,0,0,0,0,FALSE,0,0
4.77953,0,0,FALSE,0,0,0,0,FALSE,0,0
4.91842,0,0,FALSE,0,0,0,0,FALSE,0,0
5.05753,0,0,FALSE,0,0,0,0,FALSE,0,0
5.19741,0,0,FALSE,0,0,0,0,FALSE,0,0
5.33574,0,0,FALSE,0,0,0,0,FALSE,0,0
5.47659,0,0,FALSE,0,0,0,0,FALSE,0,0
5.61369,0,0,FALSE,0,0,0,0,FALSE,0,0
5.75345,0,0,FALSE,0,0,0,0,FALSE,0,0
5.89155,0,0,FALSE,0,0,0,0,FALSE,0,0
6.03055,0,0,FALSE,0,0,0,0,FALSE,0,0
6.1706,0,0,FALSE,0,0,0,0,FALSE,0,0
6.30873,0,0,FALSE,0,0,0,0,FALSE,0,0
6.44801,0,0,FALSE,0,0,0,0,FALSE,0,0
6.58694,0,0,FALSE,0,0,0,0,FALSE,0,0
6.72384,0,0,FALSE,0,0,0,0,FALSE,0,0
6.86387,0,0,FALSE,0,0,0,0,FALSE,0,0
7.01742,0,0,FALSE,0,0,0,0,FALSE,0,0
7.1546,0,0,FALSE,0,0,0,0,FALSE,0,0
7.29169,0,0,FALSE,0,0,0,0,FALSE,0,0
7.43142,0,0,FALSE,0,0,0,0,FALSE,0,0
7.57079,0,0,FALSE,0,0,0,0,FALSE,0,0
7.72378,0,0,FALSE,0,0,0,0,FALSE,0,0
7.86379,0,0,FALSE,0,0,0,0,FALSE,0,0
8.00345,0,0,FALSE,0,0,0,0,FALSE,0,0
8.14007,1,0,FALSE,0,0,0,0,FALSE,0,0
8.27817,1,0,FALSE,0,0,0,0,FALSE,0,0
8.41678,1,0,FALSE,0,0,0,0,FALSE,0,0
8.55701,1,0,FALSE,0,0,0,0,FALSE,0,0
8.69656,1,0,FALSE,0,0,0,0,FALSE,0,0
8.83512,1,0,FALSE,0,0,0,0,FALSE,0,0
8.97491,1,0,FALSE,0,0,0,0,FALSE,0,0
9.12712,1,0,FALSE,0,0,0,0,FALSE,0,0
9.26642,1,0,FALSE,0,0,0,0,FALSE,0,0
9.40694,1,0,FALSE,0,0,0,0,FALSE,0,0
9.54538,1,0,FALSE,0,0,0,0,FALSE,0,0
9.68294,1,0,FALSE,0,0,0,0,FALSE,0,0
9.82179,1,0,FALSE,0,0,0,0,FALSE,0,0
9.96106,1,0,FALSE,0,0,0,0,FALSE,0,0
10.09921,1,0,FALSE,0,0,0,0,FALSE,0,0
10.23796,1,0,FALSE,0,0,0,0,FALSE,0,0
10.37766,1,0,FALSE,0,0,0,0,FALSE,0,0
10.5154,1,0,FALSE,0,0,0,0,FALSE,0,0
10.65386,1,0,FALSE,0,0,0,0,FALSE,0,0
10.79352,1,0,FALSE,0,0,0,0,FALSE,0,0
10.95169,1,0,FALSE,0,0,0,0,FALSE,0,0
11.1123,1,0,FALSE,0,0,0,0,FALSE,0,0
11.25053,1,0,FALSE,0,0,0,0,FALSE,0,0
11.39081,1,0,FALSE,0,0,0,0,FALSE,0,0
11.5289,1,1,TRUE,3,0.7853982,1,1,TRUE,0,0
11.66772,1,1,TRUE,3,0.7853982,1,1,TRUE,0,0
11.80793,1,1,TRUE,3,0.7853982,1,1,TRUE,0,0
11.94512,1,1,TRUE,3,0.7853982,1,1,TRUE,0,0
12.08534,1,1,TRUE,3,0.7853982,1,1,TRUE,0,0
12.22342,1,1,TRUE,3,0.7853982,1,1,TRUE,0,0
12.36301,1,1,TRUE,3,0.7853982,1,1,TRUE,0,0
12.50146,1,1,TRUE,3,0.7853982,1,1,TRUE,0,0
12.64194,1,1,TRUE,3,0.7853982,1,1,TRUE,0,0
12.77888,1,1,TRUE,3,0.7853982,1,1,TRUE,0,0
12.91782,1,1,TRUE,3,0.7853982,1,1,TRUE,0,0
13.05748,1,1,TRUE,3,0.7853982,1,1,TRUE,0,0
13.21168,1,1,TRUE,3,0.7853982,1,1,TRUE,0,0
13.35017,1,1,TRUE,3,0.7853982,1,1,TRUE,0,0
13.48897,1,1,FALSE,3,0.7853982,1,1,TRUE,0,0
13.62948,1,1,FALSE,3,0.7853982,1,1,TRUE,0,0
13.76725,1,1,FALSE,3,0.7853982,1,1,TRUE,0,0
13.90491,1,1,FALSE,3,0.7853982,1,1,TRUE,0,0
14.04497,1,1,FALSE,3,0.7853982,1,1,TRUE,0,0
14.18335,1,1,FALSE,3,0.7853982,1,1,TRUE,0,0
14.32154,1,1,FALSE,3,0.7853982,1,1,TRUE,0,0
14.46152,1,1,FALSE,3,0.7853982,1,1,TRUE,0,0
14.60088,1,1,FALSE,3,0.7853982,1,1,TRUE,0,0
14.7385,1,1,FALSE,3,0.7853982,1,1,TRUE,0,0
14.87707,1,1,FALSE,3,0.7853982,1,1,TRUE,0,0
15.01743,1,1,FALSE,3,0.7853982,1,1,TRUE,0,0
15.15397,1,1,FALSE,3,0.7853982,1,1,TRUE,0,0
15.29397,1,1,FALSE,3,0.7853982,1,1,TRUE,0,0
15.43154,1,1,FALSE,3,0.7853982,1,1,TRUE,0,0
15.57173,1,1,FALSE,3,0.7853982,1,1,TRUE,0,0
15.71038,1,1,FALSE,3,0.7853982,1,1,TRUE,0,0
15.84891,1,1,FALSE,3,0.7853982,1,1,TRUE,0,0
16.00225,1,1,FALSE,3,0.7853982,1,1,TRUE,0,0
16.14026,1,1,FALSE,3,0.7853982,1,1,TRUE,0,0
16.2792,1,1,FALSE,3,0.7853982,1,1,TRUE,0,0
16.41902,1,1,FALSE,3,0.7853982,1,1,TRUE,0,0
16.55804,1,1,FALSE,3,0.7853982,1,1,TRUE,0,0
16.71007,1,1,FALSE,3,0.7853982,1,1,TRUE,0,0
16.84913,1,1,FALSE,3,0.7853982,1,1,TRUE,0,0
16.99351,1,1,FALSE,3,0.7853982,1,1,TRUE,0,0
17.1276,1,1,FALSE,3,0.7853982,1,1,TRUE,0,0
17.2661,1,1,FALSE,3,0.7853982,1,1,TRUE,0,0
17.40496,1,1,FALSE,3,0.7853982,1,1,TRUE,0,0
17.54415,1,1,FALSE,3,0.7853982,1,1,TRUE,0,0
17.6826,1,1,FALSE,3,0.7853982,1,1,TRUE,0,0
17.82063,1,1,FALSE,3,0.7853982,1,1,TRUE,0,0
17.97475,1,1,FALSE,3,0.7853982,1,1,TRUE,0,0
18.11349,1,1,FALSE,3,0.7853982,1,1,TRUE,0,0
18.25659,2,1,FALSE,3,0.7853982,1,1,TRUE,0,0
18.3902,2,1,FALSE,3,0.7853982,1,1,TRUE,0,0
18.52839,2,1,FALSE,3,0.7853982,1,1,TRUE,0,0
18.67684,2,1,FALSE,3,0.7853982,1,1,TRUE,0,0
18.80674,2,1,FALSE,3,0.7853982,1,1,TRUE,0,0
18.94651,2,1,FALSE,3,0.7853982,1,1,TRUE,0,0
19.09155,2,1,FALSE,3,0.7853982,1,1,TRUE,0,0
19.22879,2,1,FALSE,3,0.7853982,1,1,TRUE,0,0
19.36196,2,1,FALSE,3,0.7853982,1,1,TRUE,0,0
19.50772,2,1,FALSE,3,0.7853982,1,1,TRUE,0,0
19.65617,2,1,FALSE,3,0.7853982,1,1,TRUE,0,0
19.80672,2,1,FALSE,3,0.7853982,1,1,TRUE,0,0
19.94544,2,1,FALSE,3,0.7853982,1,1,TRUE,0,0
20.08327,2,1,FALSE,3,0.7853982,1,1,TRUE,0,0
20.22202,2,1,FALSE,3,0.7853982,1,1,TRUE,0,0
20.36075,2,1,FALSE,3,0.7853982,1,1,TRUE,0,0
20.50008,2,1,FALSE,3,0.7853982,1,1,TRUE,0,0
20.63932,2,1,FALSE,3,0.7853982,1,1,TRUE,0,0
20.77932,2,1,FALSE,3,0.7853982,1,1,TRUE,0,0
20.93016,2,1,FALSE,3,0.7853982,1,1,TRUE,0,0
21.07027,2,1,FALSE,3,0.7853982,1,1,TRUE,0,0
21.20932,2,1,FALSE,3,0.7853982,1,1,TRUE,0,0
21.34844,2,1,FALSE,3,0.7853982,1,1,TRUE,0,0
21.48774,2,1,FALSE,3,0.7853982,1,1,TRUE,0,0
21.62921,2,1,FALSE,3,0.7853982,1,1,TRUE,0,0
21.76685,2,1,FALSE,3,0.7853982,1,1,TRUE,0,0
21.90273,2,1,FALSE,3,0.7853982,1,1,TRUE,0,0
22.04283,2,2,TRUE,3,0.7853982,1,2,TRUE,0,0
22.17979,2,2,TRUE,3,0.7853982,1,2,TRUE,0,0
22.3198,2,2,TRUE,3,0.7853982,1,2,TRUE,0,0
22.45841,2,2,TRUE,3,0.7853982,1,2,TRUE,0,0
22.59754,2,2,TRUE,3,0.7853982,1,2,TRUE,0,0
22.75068,2,2,TRUE,3,0.7853982,1,2,TRUE,0,0
22.88874,2,2,TRUE,3,0.7853982,1,2,TRUE,0,0
23.02865,2,2,TRUE,3,0.7853982,1,2,TRUE,0,0
23.1679,2,2,TRUE,3,0.7853982,1,2,TRUE,0,0
23.30731,2,2,TRUE,3,0.7853982,1,2,TRUE,0,0
23.44647,2,2,TRUE,3,0.7853982,1,2,TRUE,0,0
23.58558,2,2,TRUE,3,0.7853982,1,2,TRUE,0,0
23.72374,2,2,TRUE,3,0.7853982,1,2,TRUE,0,0
23.86173,2,2,TRUE,3,0.7853982,1,2,TRUE,0,0
24.01574,2,2,TRUE,3,0.7853982,1,2,TRUE,0,0
24.15384,2,2,FALSE,3,0.7853982,1,2,TRUE,0,0
24.30039,2,2,FALSE,3,0.7853982,1,2,TRUE,0,0
24.43165,2,2,FALSE,3,0.7853982,1,2,TRUE,0,0
24.57086,2,2,FALSE,3,0.7853982,1,2,TRUE,0,0
24.72043,2,2,FALSE,3,0.7853982,1,2,TRUE,0,0
24.86189,2,2,FALSE,3,0.7853982,1,2,TRUE,0,0
25.00132,2,2,FALSE,3,0.7853982,1,2,TRUE,0,0
25.13254,2,2,FALSE,3,0.7853982,1,2,TRUE,0,0
25.28011,2,2,FALSE,3,0.7853982,1,2,TRUE,0,0
25.41762,2,2,FALSE,3,0.7853982,1,2,TRUE,0,0
25.56275,2,2,FALSE,3,0.7853982,1,2,TRUE,0,0
25.69711,2,2,FALSE,3,0.7853982,1,2,TRUE,0,0
25.83483,2,2,FALSE,3,0.7853982,1,2,TRUE,0,0
25.98747,2,2,FALSE,3,0.7853982,1,2,TRUE,0,0
26.12962,2,2,FALSE,3,0.7853982,1,2,TRUE,0,0
26.28002,2,2,FALSE,3,0.7853982,1,2,TRUE,0,0
26.43235,2,2,FALSE,3,0.7853982,1,2,TRUE,0,0
26.57181,2,2,FALSE,3,0.7853982,1,2,TRUE,0,0
26.72421,2,2,FALSE,3,0.7853982,1,2,TRUE,0,0
26.86364,2,2,FALSE,3,0.7853982,1,2,TRUE,0,0
27.01519,2,2,FALSE,3,0.7853982,1,2,TRUE,0,0
27.15373,2,2,FALSE,3,0.7853982,1,2,TRUE,0,0
27.29415,2,2,FALSE,3,0.7853982,1,2,TRUE,0,0
27.43334,2,2,FALSE,3,0.7853982,1,2,TRUE,0,0
27.58521,2,2,FALSE,3,0.7853982,1,2,TRUE,0,0
27.72529,2,2,FALSE,3,0.7853982,1,2,TRUE,0,0
27.87413,2,2,FALSE,3,0.7853982,1,2,TRUE,0,0
28.01545,2,2,FALSE,3,0.7853982,1,2,TRUE,0,0
28.15555,3,2,FALSE,3,0.7853982,1,2,TRUE,0,0
28.29094,3,2,FALSE,3,0.7853982,1,2,TRUE,0,0
28.43171,3,2,FALSE,3,0.7853982,1,2,TRUE,0,0
28.58406,3,2,FALSE,3,0.7853982,1,2,TRUE,0,0
28.73847,3,2,FALSE,3,0.7853982,1,2,TRUE,0,0
28.89056,3,2,FALSE,3,0.7853982,1,2,TRUE,0,0
29.05691,3,2,FALSE,3,0.7853982,1,2,TRUE,0,0
29.1958,3,2,FALSE,3,0.7853982,1,2,TRUE,0,0
29.33076,3,2,FALSE,3,0.7853982,1,2,TRUE,0,0
29.47388,3,2,FALSE,3,0.7853982,1,2,TRUE,0,0
29.61337,3,2,FALSE,3,0.7853982,1,2,TRUE,0,0
29.74714,3,2,FALSE,3,0.7853982,1,2,TRUE,0,0
29.88989,3,2,FALSE,3,0.7853982,1,2,TRUE,0,0
30.02872,3,2,FALSE,3,0.7853982,1,2,TRUE,0,0
30.16195,3,2,FALSE,3,0.7853982,1,2,TRUE,0,0
30.29371,3,2,FALSE,3,0.7853982,1,2,TRUE,0,0
30.43478,3,2,FALSE,3,0.7853982,1,2,TRUE,0,0
30.58152,3,2,FALSE,3,0.7853982,1,2,TRUE,0,0
30.7532,3,2,FALSE,3,0.7853982,1,2,TRUE,0,0
30.88999,3,2,FALSE,3,0.7853982,1,2,TRUE,0,0
31.0434,3,2,FALSE,3,0.7853982,1,2,TRUE,0,0
31.18247,3,2,FALSE,3,0.7853982,1,2,TRUE,0,0
31.34915,3,2,FALSE,3,0.7853982,1,2,TRUE,0,0
31.51542,3,2,FALSE,3,0.7853982,1,2,TRUE,0,0
31.655,3,2,FALSE,3,0.7853982,1,2,TRUE,0,0
31.79529,3,2,FALSE,3,0.7853982,1,2,TRUE,0,0
31.93291,3,2,FALSE,3,0.7853982,1,2,TRUE,0,0
32.07057,3,3,TRUE,2,1.57079637,2,2,FALSE,0,0
32.2118,3,3,TRUE,2,1.57079637,2,2,FALSE,0,0
32.34854,3,3,TRUE,2,1.57079637,2,2,FALSE,0,0
32.4877,3,3,TRUE,2,1.57079637,2,2,FALSE,0,0
32.62792,3,3,TRUE,2,1.57079637,2,2,FALSE,0,0
32.76672,3,3,TRUE,2,1.57079637,2,2,FALSE,0,0
32.91714,3,3,TRUE,2,1.57079637,2,2,FALSE,0,0
33.05742,3,3,TRUE,2,1.57079637,2,2,FALSE,0,0
33.19895,3,3,TRUE,2,1.57079637,2,2,FALSE,0,0
33.34827,3,3,TRUE,2,1.57079637,2,2,FALSE,0,0
33.48776,3,3,TRUE,2,1.57079637,2,2,FALSE,0,0
33.6403,3,3,TRUE,2,1.57079637,2,2,FALSE,0,0
33.77993,3,3,TRUE,2,1.57079637,2,2,FALSE,0,0
33.92985,3,3,TRUE,2,1.57079637,2,2,FALSE,0,0
34.07043,3,3,FALSE,2,1.57079637,2,2,FALSE,0,0
34.21074,3,3,FALSE,2,1.57079637,2,2,FALSE,0,0
34.34591,3,3,FALSE,2,1.57079637,2,2,FALSE,0,0
34.48812,3,3,FALSE,2,1.57079637,2,2,FALSE,0,0
34.62748,3,3,FALSE,2,1.57079637,2,2,FALSE,0,0
34.76319,3,3,FALSE,2,1.57079637,2,2,FALSE,0,0
34.90331,3,3,FALSE,2,1.57079637,2,2,FALSE,0,0
35.04309,3,3,FALSE,2,1.57079637,2,2,FALSE,0,0
35.17412,3,3,FALSE,2,1.57079637,2,2,FALSE,0,0
35.30724,3,3,FALSE,2,1.57079637,2,2,FALSE,0,0
35.44574,3,3,FALSE,2,1.57079637,2,2,FALSE,0,0
35.5915,3,3,FALSE,2,1.57079637,2,2,FALSE,0,0
35.74043,3,3,FALSE,2,1.57079637,2,2,FALSE,0,0
35.8786,3,3,FALSE,2,1.57079637,2,2,FALSE,0,0
36.02984,3,3,FALSE,2,1.57079637,2,2,FALSE,0,0
36.19699,3,3,FALSE,2,1.57079637,2,2,FALSE,0,0
36.35056,3,3,FALSE,2,1.57079637,2,2,FALSE,0,0
36.51587,3,3,FALSE,2,1.57079637,2,2,FALSE,0,0
36.65492,3,3,FALSE,2,1.57079637,2,2,FALSE,0,0
36.81011,3,3,FALSE,2,1.57079637,2,2,FALSE,0,0
36.97376,3,3,FALSE,2,1.57079637,2,2,FALSE,0,0
37.11526,3,3,FALSE,2,1.57079637,2,2,FALSE,0,0
37.27622,3,3,FALSE,2,1.57079637,2,2,FALSE,0,0
37.43257,3,3,FALSE,2,1.57079637,2,2,FALSE,0,0
37.58587,3,3,FALSE,2,1.57079637,2,2,FALSE,0,0
37.72536,3,3,FALSE,2,1.57079637,2,2,FALSE,0,0
37.89206,3,3,FALSE,2,1.57079637,2,2,FALSE,0,0
38.07353,3,3,FALSE,2,1.57079637,2,2,FALSE,0,0
38.2241,4,3,FALSE,2,1.57079637,2,2,FALSE,0,0
38.37673,4,3,FALSE,2,1.57079637,2,2,FALSE,0,0
38.51744,4,3,FALSE,2,1.57079637,2,2,FALSE,0,0
38.68178,4,3,FALSE,2,1.57079637,2,2,FALSE,0,0
38.82228,4,3,FALSE,2,1.57079637,2,2,FALSE,0,0
38.974,4,3,FALSE,2,1.57079637,2,2,FALSE,0,0
39.11669,4,3,FALSE,2,1.57079637,2,2,FALSE,0,0
39.29551,4,3,FALSE,2,1.57079637,2,2,FALSE,0,0
39.44666,4,3,FALSE,2,1.57079637,2,2,FALSE,0,0
39.61485,4,3,FALSE,2,1.57079637,2,2,FALSE,0,0
39.76683,4,3,FALSE,2,1.57079637,2,2,FALSE,0,0
39.91922,4,3,FALSE,2,1.57079637,2,2,FALSE,0,0
40.10044,4,3,FALSE,2,1.57079637,2,2,FALSE,0,0
40.23916,4,3,FALSE,2,1.57079637,2,2,FALSE,0,0
40.37822,4,3,FALSE,2,1.57079637,2,2,FALSE,0,0
40.532,4,3,FALSE,2,1.57079637,2,2,FALSE,0,0
40.69707,4,3,FALSE,2,1.57079637,2,2,FALSE,0,0
40.86688,4,3,FALSE,2,1.57079637,2,2,FALSE,0,0
41.02979,4,3,FALSE,2,1.57079637,2,2,FALSE,0,0
41.18172,4,3,FALSE,2,1.57079637,2,2,FALSE,0,0
41.32098,4,3,FALSE,2,1.57079637,2,2,FALSE,0,0
41.48361,4,3,FALSE,2,1.57079637,2,2,FALSE,0,0
41.62769,4,4,TRUE,3,0,0,2,TRUE,0,0
41.78042,4,4,TRUE,3,0,0,2,TRUE,0,0
41.93219,4,4,TRUE,3,0,0,2,TRUE,0,0
42.09992,4,4,TRUE,3,0,0,2,TRUE,0,0
42.25189,4,4,TRUE,3,0,0,2,TRUE,0,0
42.39169,4,4,TRUE,3,0,0,2,TRUE,0,0
42.53359,4,4,TRUE,3,0,0,2,TRUE,0,0
42.667,4,4,TRUE,3,0,0,2,TRUE,0,0
42.82144,4,4,TRUE,3,0,0,2,TRUE,0,0
42.98865,4,4,TRUE,3,0,0,2,TRUE,0,0
43.12704,4,4,TRUE,3,0,0,2,TRUE,0,0
43.27853,4,4,TRUE,3,0,0,2,TRUE,0,0
43.41856,4,4,TRUE,3,0,0,2,TRUE,0,0
43.56691,4,4,FALSE,3,0,0,2,TRUE,0,0
43.71066,4,4,FALSE,3,0,0,2,TRUE,0,0
43.85082,4,4,FALSE,3,0,0,2,TRUE,0,0
43.98249,4,4,FALSE,3,0,0,2,TRUE,0,0
44.1271,4,4,FALSE,3,0,0,2,TRUE,0,0
44.26666,4,4,FALSE,3,0,0,2,TRUE,0,0
44.40012,4,4,FALSE,3,0,0,2,TRUE,0,0
44.5441,4,4,FALSE,3,0,0,2,TRUE,0,0
44.68473,4,4,FALSE,3,0,0,2,TRUE,0,0
44.8175,4,4,FALSE,3,0,0,2,TRUE,0,0
44.9603,4,4,FALSE,3,0,0,2,TRUE,0,0
45.09826,4,4,FALSE,3,0,0,2,TRUE,0,0
45.23216,4,4,FALSE,3,0,0,2,TRUE,0,0
45.37716,4,4,FALSE,3,0,0,2,TRUE,0,0
45.53011,4,4,FALSE,3,0,0,2,TRUE,0,0
45.68673,4,4,FALSE,3,0,0,2,TRUE,0,0
45.82138,4,4,FALSE,3,0,0,2,TRUE,0,0
45.97557,4,4,FALSE,3,0,0,2,TRUE,0,0
46.11235,4,4,FALSE,3,0,0,2,TRUE,0,0
46.25314,4,4,FALSE,3,0,0,2,TRUE,0,0
46.39055,4,4,FALSE,3,0,0,2,TRUE,0,0
46.5293,4,4,FALSE,3,0,0,2,TRUE,0,0
46.66735,4,4,FALSE,3,0,0,2,TRUE,0,0
46.80713,4,4,FALSE,3,0,0,2,TRUE,0,0
46.94568,4,4,FALSE,3,0,0,2,TRUE,0,0
47.08422,4,4,FALSE,3,0,0,2,TRUE,0,0
47.22335,4,4,FALSE,3,0,0,2,TRUE,0,0
47.36257,4,4,FALSE,3,0,0,2,TRUE,0,0
47.50179,4,4,FALSE,3,0,0,2,TRUE,0,0
47.64053,4,4,FALSE,3,0,0,2,TRUE,0,0
47.77908,4,4,FALSE,3,0,0,2,TRUE,0,0
47.9193,4,4,FALSE,3,0,0,2,TRUE,0,0
48.05749,4,4,FALSE,3,0,0,2,TRUE,0,0
48.21102,5,4,FALSE,3,0,0,2,TRUE,0,0
48.34866,5,4,FALSE,3,0,0,2,TRUE,0,0
48.50321,5,4,FALSE,3,0,0,2,TRUE,0,0
48.64085,5,4,FALSE,3,0,0,2,TRUE,0,0
48.7873,5,4,FALSE,3,0,0,2,TRUE,0,0
48.9327,5,4,FALSE,3,0,0,2,TRUE,0,0
49.07011,5,4,FALSE,3,0,0,2,TRUE,0,0
49.20493,5,4,FALSE,3,0,0,2,TRUE,0,0
49.36255,5,4,FALSE,3,0,0,2,TRUE,0,0
49.51398,5,4,FALSE,3,0,0,2,TRUE,0,0
49.65558,5,4,FALSE,3,0,0,2,TRUE,0,0
49.79274,5,5,TRUE,3,3.926991,5,1,TRUE,0,0
49.93234,5,5,TRUE,3,3.926991,5,1,TRUE,0,0
50.06978,5,5,TRUE,3,3.926991,5,1,TRUE,0,0
50.20863,5,5,TRUE,3,3.926991,5,1,TRUE,0,0
50.34785,5,5,TRUE,3,3.926991,5,1,TRUE,0,0
50.48696,5,5,TRUE,3,3.926991,5,1,TRUE,0,0
50.62493,5,5,TRUE,3,3.926991,5,1,TRUE,0,0
50.76424,5,5,TRUE,3,3.926991,5,1,TRUE,0,0
50.9045,5,5,TRUE,3,3.926991,5,1,TRUE,0,0
51.07137,5,5,TRUE,3,3.926991,5,1,TRUE,0,0
51.22372,5,5,TRUE,3,3.926991,5,1,TRUE,0,0
51.36211,5,5,TRUE,3,3.926991,5,1,TRUE,0,0
51.50867,5,5,TRUE,3,3.926991,5,1,TRUE,0,0
51.64016,5,5,TRUE,3,3.926991,5,1,TRUE,0,0
51.77855,5,5,FALSE,3,3.926991,5,1,TRUE,0,0
51.92531,5,5,FALSE,3,3.926991,5,1,TRUE,0,0
52.07009,5,5,FALSE,3,3.926991,5,1,TRUE,0,0
52.20909,5,5,FALSE,3,3.926991,5,1,TRUE,0,0
52.34419,5,5,FALSE,3,3.926991,5,1,TRUE,0,0
52.4878,5,5,FALSE,3,3.926991,5,1,TRUE,0,0
52.62736,5,5,FALSE,3,3.926991,5,1,TRUE,0,0
52.76083,5,5,FALSE,3,3.926991,5,1,TRUE,0,0
52.90475,5,5,FALSE,3,3.926991,5,1,TRUE,0,0
53.043,5,5,FALSE,3,3.926991,5,1,TRUE,0,0
53.20423,5,5,FALSE,3,3.926991,5,1,TRUE,0,0
53.3343,5,5,FALSE,3,3.926991,5,1,TRUE,0,0
53.47335,5,5,FALSE,3,3.926991,5,1,TRUE,0,0
53.64112,5,5,FALSE,3,3.926991,5,1,TRUE,0,0
53.80608,5,5,FALSE,3,3.926991,5,1,TRUE,0,0
53.95776,5,5,FALSE,3,3.926991,5,1,TRUE,0,0
54.09568,5,5,FALSE,3,3.926991,5,1,TRUE,0,0
54.24678,5,5,FALSE,3,3.926991,5,1,TRUE,0,0
54.40175,5,5,FALSE,3,3.926991,5,1,TRUE,0,0
54.54161,5,5,FALSE,3,3.926991,5,1,TRUE,0,0
54.68083,5,5,FALSE,3,3.926991,5,1,TRUE,0,0
54.82061,5,5,FALSE,3,3.926991,5,1,TRUE,0,0
54.95953,5,5,FALSE,3,3.926991,5,1,TRUE,0,0
55.10999,5,5,FALSE,3,3.926991,5,1,TRUE,0,0
55.24911,5,5,FALSE,3,3.926991,5,1,TRUE,0,0
55.38985,5,5,FALSE,3,3.926991,5,1,TRUE,0,0
55.52676,5,5,FALSE,3,3.926991,5,1,TRUE,0,0
55.66785,5,5,FALSE,3,3.926991,5,1,TRUE,0,0
55.80604,5,5,FALSE,3,3.926991,5,1,TRUE,0,0
55.94554,5,5,FALSE,3,3.926991,5,1,TRUE,0,0
56.09701,5,5,FALSE,3,3.926991,5,1,TRUE,0,0
56.23748,5,5,FALSE,3,3.926991,5,1,TRUE,0,0
56.37658,5,5,FALSE,3,3.926991,5,1,TRUE,0,0
56.53766,5,5,FALSE,3,3.926991,5,1,TRUE,0,0
56.68022,5,5,FALSE,3,3.926991,5,1,TRUE,0,0
56.8338,5,5,FALSE,3,3.926991,5,1,TRUE,0,0
56.97377,5,5,FALSE,3,3.926991,5,1,TRUE,0,0
57.1116,5,5,FALSE,3,3.926991,5,1,TRUE,0,0
57.25191,5,5,FALSE,3,3.926991,5,1,TRUE,0,0
57.39049,5,5,FALSE,3,3.926991,5,1,TRUE,0,0
57.55905,5,5,FALSE,3,3.926991,5,1,TRUE,0,0
57.70824,5,5,FALSE,3,3.926991,5,1,TRUE,0,0
57.848,5,5,FALSE,3,3.926991,5,1,TRUE,0,0
57.98983,5,5,FALSE,3,3.926991,5,1,TRUE,0,0
58.14003,5,5,FALSE,3,3.926991,5,1,TRUE,0,0
58.27753,6,5,FALSE,3,3.926991,5,1,TRUE,0,0
58.42737,6,5,FALSE,3,3.926991,5,1,TRUE,0,0
58.58762,6,5,FALSE,3,3.926991,5,1,TRUE,0,0
58.76473,6,5,FALSE,3,3.926991,5,1,TRUE,0,0
58.90335,6,5,FALSE,3,3.926991,5,1,TRUE,0,0
59.05112,6,5,FALSE,3,3.926991,5,1,TRUE,0,0
59.18081,6,5,FALSE,3,3.926991,5,1,TRUE,0,0
59.31968,6,5,FALSE,3,3.926991,5,1,TRUE,0,0
59.46837,6,5,FALSE,3,3.926991,5,1,TRUE,0,0
59.59878,6,5,FALSE,3,3.926991,5,1,TRUE,0,0
59.73747,6,5,FALSE,3,3.926991,5,1,TRUE,0,0
59.88543,6,5,FALSE,3,3.926991,5,1,TRUE,0,0
60.01669,6,5,FALSE,3,3.926991,5,1,TRUE,0,0
60.1547,6,5,FALSE,3,3.926991,5,1,TRUE,0,0
60.30095,6,5,FALSE,3,3.926991,5,1,TRUE,0,0
60.4305,6,5,FALSE,3,3.926991,5,1,TRUE,0,0
60.57037,6,5,FALSE,3,3.926991,5,1,TRUE,0,0
60.71922,6,5,FALSE,3,3.926991,5,1,TRUE,0,0
60.86292,6,5,FALSE,3,3.926991,5,1,TRUE,0,0
61.00084,6,5,FALSE,3,3.926991,5,1,TRUE,0,0
61.13153,6,5,FALSE,3,3.926991,5,1,TRUE,0,0
61.26388,6,5,FALSE,3,3.926991,5,1,TRUE,0,0
61.40325,6,5,FALSE,3,3.926991,5,1,TRUE,0,0
61.54948,6,5,FALSE,3,3.926991,5,1,TRUE,0,0
61.68032,6,5,FALSE,3,3.926991,5,1,TRUE,0,0
61.8202,6,5,FALSE,3,3.926991,5,1,TRUE,0,0
61.97092,6,5,FALSE,3,3.926991,5,1,TRUE,0,0
62.12699,6,6,TRUE,2,0.7853982,1,1,FALSE,0,0
62.26693,6,6,TRUE,2,0.7853982,1,1,FALSE,0,0
62.40456,6,6,TRUE,2,0.7853982,1,1,FALSE,0,0
62.54375,6,6,TRUE,2,0.7853982,1,1,FALSE,0,0
62.68264,6,6,TRUE,2,0.7853982,1,1,FALSE,0,0
62.82179,6,6,TRUE,2,0.7853982,1,1,FALSE,0,0
62.96101,6,6,TRUE,2,0.7853982,1,1,FALSE,0,0
63.10053,6,6,TRUE,2,0.7853982,1,1,FALSE,0,0
63.23775,6,6,TRUE,2,0.7853982,1,1,FALSE,0,0
63.37824,6,6,TRUE,2,0.7853982,1,1,FALSE,0,0.429659039
63.51559,6,6,TRUE,2,0.7853982,1,1,FALSE,0,0
63.6548,6,6,TRUE,2,0.7853982,1,1,FALSE,0,0.047010176
63.79394,6,6,TRUE,2,0.7853982,1,1,FALSE,0,0
63.93503,6,6,TRUE,2,0.7853982,1,1,FALSE,0,0
64.06784,6,6,FALSE,2,0.7853982,1,1,FALSE,0,0
64.21222,6,6,FALSE,2,0.7853982,1,1,FALSE,0,0
64.34992,6,6,FALSE,2,0.7853982,1,1,FALSE,0,0
64.48364,6,6,FALSE,2,0.7853982,1,1,FALSE,0,0
64.62752,6,6,FALSE,2,0.7853982,1,1,FALSE,0,1
64.76696,6,6,FALSE,2,0.7853982,1,1,FALSE,0,1
64.89972,6,6,FALSE,2,0.7853982,1,1,FALSE,0,0
65.03142,6,6,FALSE,2,0.7853982,1,1,FALSE,0,1
65.169,6,6,FALSE,2,0.7853982,1,1,FALSE,0,0
65.31516,6,6,FALSE,2,0.7853982,1,1,FALSE,1,0
65.46126,6,6,FALSE,2,0.7853982,1,1,FALSE,0.008636882,0
65.60377,6,6,FALSE,2,0.7853982,1,1,FALSE,0,0
65.73765,6,6,FALSE,2,0.7853982,1,1,FALSE,0,0
65.88985,6,6,FALSE,2,0.7853982,1,1,FALSE,0,0
66.01899,6,6,FALSE,2,0.7853982,1,1,FALSE,0,0
66.14834,6,6,FALSE,2,0.7853982,1,1,FALSE,0.021312501,0
66.29341,6,6,FALSE,2,0.7853982,1,1,FALSE,1,0
66.43248,6,6,FALSE,2,0.7853982,1,1,FALSE,1,0
66.56398,6,6,FALSE,2,0.7853982,1,1,FALSE,1,0
66.71109,6,6,FALSE,2,0.7853982,1,1,FALSE,1,0
66.84952,6,6,FALSE,2,0.7853982,1,1,FALSE,1,0
66.98263,6,6,FALSE,2,0.7853982,1,1,FALSE,1,0
67.11364,6,6,FALSE,2,0.7853982,1,1,FALSE,1,0
67.25201,6,6,FALSE,2,0.7853982,1,1,FALSE,1,0
67.38983,6,6,FALSE,2,0.7853982,1,1,FALSE,0.188110933,0
67.5287,6,6,FALSE,2,0.7853982,1,1,FALSE,0,0
67.66726,6,6,FALSE,2,0.7853982,1,1,FALSE,0,0
67.80693,6,6,FALSE,2,0.7853982,1,1,FALSE,0,0
67.94519,6,6,FALSE,2,0.7853982,1,1,FALSE,0,0
68.08559,6,6,FALSE,2,0.7853982,1,1,FALSE,0,0
68.22275,7,6,FALSE,2,0.7853982,1,1,FALSE,0,0
68.36148,7,6,FALSE,2,0.7853982,1,1,FALSE,0,0
68.50012,7,6,FALSE,2,0.7853982,1,1,FALSE,0,0
68.64065,7,6,FALSE,2,0.7853982,1,1,FALSE,0,0
68.77769,7,6,FALSE,2,0.7853982,1,1,FALSE,0,0
68.9176,7,6,FALSE,2,0.7853982,1,1,FALSE,0,0
69.05718,7,6,FALSE,2,0.7853982,1,1,FALSE,1,0
69.21089,7,6,FALSE,2,0.7853982,1,1,FALSE,1,0
69.34887,7,6,FALSE,2,0.7853982,1,1,FALSE,1,0
69.49598,7,6,FALSE,2,0.7853982,1,1,FALSE,1,0
69.6271,7,6,FALSE,2,0.7853982,1,1,FALSE,1,1
69.76656,7,6,FALSE,2,0.7853982,1,1,FALSE,1,1
69.91004,7,6,FALSE,2,0.7853982,1,1,FALSE,1,1
70.04366,7,6,FALSE,2,0.7853982,1,1,FALSE,1,1
70.18143,7,6,FALSE,2,0.7853982,1,1,FALSE,0,0
70.3277,7,6,FALSE,2,0.7853982,1,1,FALSE,0,1
70.47413,7,6,FALSE,2,0.7853982,1,1,FALSE,0,1
70.61184,7,6,FALSE,2,0.7853982,1,1,FALSE,0,0
70.74431,7,6,FALSE,2,0.7853982,1,1,FALSE,1,0
70.87622,7,6,FALSE,2,0.7853982,1,1,FALSE,1,0
71.01722,7,6,FALSE,2,0.7853982,1,1,FALSE,1,0
71.16109,7,6,FALSE,2,0.7853982,1,1,FALSE,1,0
71.29348,7,6,FALSE,2,0.7853982,1,1,FALSE,1,0
71.43188,7,6,FALSE,2,0.7853982,1,1,FALSE,1,0
71.57679,7,6,FALSE,2,0.7853982,1,1,FALSE,0,0
71.72336,7,6,FALSE,2,0.7853982,1,1,FALSE,1,0
71.86179,7,6,FALSE,2,0.7853982,1,1,FALSE,1,0
71.99684,7,6,FALSE,2,0.7853982,1,1,FALSE,0,0
72.12797,7,7,TRUE,3,3.926991,5,0,TRUE,1,0
72.26657,7,7,TRUE,3,3.926991,5,0,TRUE,0,0
72.41066,7,7,TRUE,3,3.926991,5,0,TRUE,1,0
72.54375,7,7,TRUE,3,3.926991,5,0,TRUE,1,0
72.68251,7,7,TRUE,3,3.926991,5,0,TRUE,0,0
72.83251,7,7,TRUE,3,3.926991,5,0,TRUE,0,0
72.97487,7,7,TRUE,3,3.926991,5,0,TRUE,0,0
73.11214,7,7,TRUE,3,3.926991,5,0,TRUE,0,0
73.2442,7,7,TRUE,3,3.926991,5,0,TRUE,0,0
73.37803,7,7,TRUE,3,3.926991,5,0,TRUE,0,0
73.51661,7,7,TRUE,3,3.926991,5,0,TRUE,0,0
73.66045,7,7,TRUE,3,3.926991,5,0,TRUE,0,0
73.79357,7,7,TRUE,3,3.926991,5,0,TRUE,0,0
73.93334,7,7,TRUE,3,3.926991,5,0,TRUE,0,0
74.07903,7,7,TRUE,3,3.926991,5,0,TRUE,0,0
74.22394,7,7,FALSE,3,3.926991,5,0,TRUE,0,0
74.36278,7,7,FALSE,3,3.926991,5,0,TRUE,0,0
74.49473,7,7,FALSE,3,3.926991,5,0,TRUE,0,0
74.62922,7,7,FALSE,3,3.926991,5,0,TRUE,0,0
74.76594,7,7,FALSE,3,3.926991,5,0,TRUE,0,0
74.91174,7,7,FALSE,3,3.926991,5,0,TRUE,0,0
75.03365,7,7,FALSE,3,3.926991,5,0,TRUE,0,0
75.16566,7,7,FALSE,3,3.926991,5,0,TRUE,0,0
75.30649,7,7,FALSE,3,3.926991,5,0,TRUE,0,0
75.4466,7,7,FALSE,3,3.926991,5,0,TRUE,0,0
75.58524,7,7,FALSE,3,3.926991,5,0,TRUE,0,0
75.72432,7,7,FALSE,3,3.926991,5,0,TRUE,0,0
75.86218,7,7,FALSE,3,3.926991,5,0,TRUE,0,0
76.00192,7,7,FALSE,3,3.926991,5,0,TRUE,0,0
76.14164,7,7,FALSE,3,3.926991,5,0,TRUE,0,0
76.27982,7,7,FALSE,3,3.926991,5,0,TRUE,0,0
76.41886,7,7,FALSE,3,3.926991,5,0,TRUE,0,0
76.55764,7,7,FALSE,3,3.926991,5,0,TRUE,0,0
76.71028,7,7,FALSE,3,3.926991,5,0,TRUE,0,0
76.84979,7,7,FALSE,3,3.926991,5,0,TRUE,0,0
76.99568,7,7,FALSE,3,3.926991,5,0,TRUE,0,0
77.12721,7,7,FALSE,3,3.926991,5,0,TRUE,0,0
77.26483,7,7,FALSE,3,3.926991,5,0,TRUE,0,0
77.41085,7,7,FALSE,3,3.926991,5,0,TRUE,0,0
77.54378,7,7,FALSE,3,3.926991,5,0,TRUE,0,0
77.68197,7,7,FALSE,3,3.926991,5,0,TRUE,0,0
77.82697,7,7,FALSE,3,3.926991,5,0,TRUE,0,0
77.97363,7,7,FALSE,3,3.926991,5,0,TRUE,0,0
78.11534,7,7,FALSE,3,3.926991,5,0,TRUE,0,0
78.25119,8,7,FALSE,3,3.926991,5,0,TRUE,0,0
78.38522,8,7,FALSE,3,3.926991,5,0,TRUE,0,0
78.52658,8,7,FALSE,3,3.926991,5,0,TRUE,0,0
78.6577,8,7,FALSE,3,3.926991,5,0,TRUE,0,0
78.79213,8,7,FALSE,3,3.926991,5,0,TRUE,0,0
78.93077,8,7,FALSE,3,3.926991,5,0,TRUE,0,0
79.07728,8,7,FALSE,3,3.926991,5,0,TRUE,0,0
79.22221,8,7,FALSE,3,3.926991,5,0,TRUE,0,0
79.36133,8,7,FALSE,3,3.926991,5,0,TRUE,0,0
79.49545,8,7,FALSE,3,3.926991,5,0,TRUE,0,0
79.62645,8,7,FALSE,3,3.926991,5,0,TRUE,0,0
79.76335,8,7,FALSE,3,3.926991,5,0,TRUE,0,0
79.90955,8,7,FALSE,3,3.926991,5,0,TRUE,0,0
80.0417,8,7,FALSE,3,3.926991,5,0,TRUE,0,0
80.18691,8,7,FALSE,3,3.926991,5,0,TRUE,0,0
80.33049,8,7,FALSE,3,3.926991,5,0,TRUE,0,0
80.47216,8,7,FALSE,3,3.926991,5,0,TRUE,0,0
80.61114,8,7,FALSE,3,3.926991,5,0,TRUE,0,0
80.74147,8,7,FALSE,3,3.926991,5,0,TRUE,0,0
80.87642,8,7,FALSE,3,3.926991,5,0,TRUE,0,0
81.01416,8,7,FALSE,3,3.926991,5,0,TRUE,0,0
81.16068,8,7,FALSE,3,3.926991,5,0,TRUE,0,0
81.29179,8,7,FALSE,3,3.926991,5,0,TRUE,0,0
81.43201,8,7,FALSE,3,3.926991,5,0,TRUE,0,0
81.58002,8,8,TRUE,3,0,0,0,TRUE,0,0
81.72309,8,8,TRUE,3,0,0,0,TRUE,0,0
81.86075,8,8,TRUE,3,0,0,0,TRUE,0,0
81.99351,8,8,TRUE,3,0,0,0,TRUE,0,0
82.12688,8,8,TRUE,3,0,0,0,TRUE,0,0
82.26613,8,8,TRUE,3,0,0,0,TRUE,0,0
82.40349,8,8,TRUE,3,0,0,0,TRUE,0,0
82.54379,8,8,TRUE,3,0,0,0,TRUE,0,0
82.6819,8,8,TRUE,3,0,0,0,TRUE,0,0
82.8204,8,8,TRUE,3,0,0,0,TRUE,0,0
82.95988,8,8,TRUE,3,0,0,0,TRUE,0,0
83.09891,8,8,TRUE,3,0,0,0,TRUE,0,0
83.23931,8,8,TRUE,3,0,0,0,TRUE,0,0
83.39103,8,8,TRUE,3,0,0,0,TRUE,0,0
83.53042,8,8,FALSE,3,0,0,0,TRUE,0,0
83.67556,8,8,FALSE,3,0,0,0,TRUE,0,0
83.80804,8,8,FALSE,3,0,0,0,TRUE,0,0
83.94546,8,8,FALSE,3,0,0,0,TRUE,0,0
84.09522,8,8,FALSE,3,0,0,0,TRUE,0,0
84.23908,8,8,FALSE,3,0,0,0,TRUE,0,0
84.37831,8,8,FALSE,3,0,0,0,TRUE,0,0
84.50849,8,8,FALSE,3,0,0,0,TRUE,0,0
84.65688,8,8,FALSE,3,0,0,0,TRUE,0,0
84.80773,8,8,FALSE,3,0,0,0,TRUE,0,0
84.94624,8,8,FALSE,3,0,0,0,TRUE,0,0
85.08541,8,8,FALSE,3,0,0,0,TRUE,0,0
85.22528,8,8,FALSE,3,0,0,0,TRUE,0,0
85.36239,8,8,FALSE,3,0,0,0,TRUE,0,0
85.5009,8,8,FALSE,3,0,0,0,TRUE,0,0
85.6402,8,8,FALSE,3,0,0,0,TRUE,0,0
85.78144,8,8,FALSE,3,0,0,0,TRUE,0,0
85.91902,8,8,FALSE,3,0,0,0,TRUE,0,0
86.05691,8,8,FALSE,3,0,0,0,TRUE,0,0
86.19636,8,8,FALSE,3,0,0,0,TRUE,0,0
86.33425,8,8,FALSE,3,0,0,0,TRUE,0,0
86.4757,8,8,FALSE,3,0,0,0,TRUE,0,0
86.61246,8,8,FALSE,3,0,0,0,TRUE,0,0
86.75205,8,8,FALSE,3,0,0,0,TRUE,0,0
86.89011,8,8,FALSE,3,0,0,0,TRUE,0,0
87.02998,8,8,FALSE,3,0,0,0,TRUE,0,0
87.16962,8,8,FALSE,3,0,0,0,TRUE,0,0
87.30814,8,8,FALSE,3,0,0,0,TRUE,0,0
87.44641,8,8,FALSE,3,0,0,0,TRUE,0,0
87.58565,8,8,FALSE,3,0,0,0,TRUE,0,0
87.72372,8,8,FALSE,3,0,0,0,TRUE,0,0
87.86371,8,8,FALSE,3,0,0,0,TRUE,0,0
88.00131,8,8,FALSE,3,0,0,0,TRUE,0,0
88.14051,8,8,FALSE,3,0,0,0,TRUE,0,0
88.28083,9,8,FALSE,3,0,0,0,TRUE,0,0
88.41826,9,8,FALSE,3,0,0,0,TRUE,0,0
88.5582,9,8,FALSE,3,0,0,0,TRUE,0,0
88.69688,9,8,FALSE,3,0,0,0,TRUE,0,0
88.83578,9,8,FALSE,3,0,0,0,TRUE,0,0
88.97389,9,8,FALSE,3,0,0,0,TRUE,0,0
89.11335,9,8,FALSE,3,0,0,0,TRUE,0,0
89.2534,9,8,FALSE,3,0,0,0,TRUE,0,0
89.39052,9,8,FALSE,3,0,0,0,TRUE,0,0
89.53032,9,9,TRUE,3,0,0,0,TRUE,0,0
89.67003,9,9,TRUE,2,0,0,0,FALSE,0,0
89.80714,9,9,TRUE,2,0,0,0,FALSE,0,0
89.94669,9,9,TRUE,2,0,0,0,FALSE,0,0
90.08543,9,9,TRUE,2,0,0,0,FALSE,0,0
90.22569,9,9,TRUE,2,0,0,0,FALSE,0,0
90.36353,9,9,TRUE,2,0,0,0,FALSE,0,0
90.5164,9,9,TRUE,2,0,0,0,FALSE,0,0
90.65519,9,9,TRUE,2,0,0,0,FALSE,0,0
90.79329,9,9,TRUE,2,0,0,0,FALSE,0,0
90.93221,9,9,TRUE,2,0,0,0,FALSE,0,0
91.07191,9,9,TRUE,2,0,0,0,FALSE,0,0
91.21162,9,9,TRUE,2,0,0,0,FALSE,0,0
91.34976,9,9,TRUE,2,0,0,0,FALSE,0,0
91.48842,9,9,TRUE,2,0,0,0,FALSE,0,0
91.62727,9,9,FALSE,2,0,0,0,FALSE,0,0
91.76579,9,9,FALSE,2,0,0,0,FALSE,0,0
91.9051,9,9,FALSE,2,0,0,0,FALSE,0,0
92.04358,9,9,FALSE,2,0,0,0,FALSE,0,0
92.18221,9,9,FALSE,2,0,0,0,FALSE,0,0
92.32261,9,9,FALSE,2,0,0,0,FALSE,0,0
92.4607,9,9,FALSE,2,0,0,0,FALSE,0,0
92.59852,9,9,FALSE,2,0,0,0,FALSE,0,0
92.73895,9,9,FALSE,2,0,0,0,FALSE,0,0
92.8773,9,9,FALSE,2,0,0,0,FALSE,0,0
93.01545,9,9,FALSE,2,0,0,0,FALSE,0,0
93.15551,9,9,FALSE,2,0,0,0,FALSE,0,0
93.2939,9,9,FALSE,2,0,0,0,FALSE,0,0
93.43128,9,9,FALSE,2,0,0,0,FALSE,0,0
93.57099,9,9,FALSE,2,0,0,0,FALSE,0,0
93.71007,9,9,FALSE,2,0,0,0,FALSE,0,0
93.84897,9,9,FALSE,2,0,0,0,FALSE,0,0
93.98677,9,9,FALSE,2,0,0,0,FALSE,0,0
94.12519,9,9,FALSE,2,0,0,0,FALSE,0,0
94.26566,9,9,FALSE,2,0,0,0,FALSE,0,0
94.41732,9,9,FALSE,2,0,0,0,FALSE,0,0
94.55685,9,9,FALSE,2,0,0,0,FALSE,0,0
94.69675,9,9,FALSE,2,0,0,0,FALSE,0,0
94.83455,9,9,FALSE,2,0,0,0,FALSE,0,0
94.97429,9,9,FALSE,2,0,0,0,FALSE,0,0
95.112,9,9,FALSE,2,0,0,0,FALSE,0,0
95.26595,9,9,FALSE,2,0,0,0,FALSE,0,0
95.40398,9,9,FALSE,2,0,0,0,FALSE,0,0
95.55153,9,9,FALSE,2,0,0,0,FALSE,0,0
95.68174,9,9,FALSE,2,0,0,0,FALSE,0,0
95.82051,9,9,FALSE,2,0,0,0,FALSE,0,0
95.96647,9,9,FALSE,2,0,0,0,FALSE,0,0
96.09792,9,9,FALSE,2,0,0,0,FALSE,0,0
96.23708,9,9,FALSE,2,0,0,0,FALSE,0,0
96.38728,9,9,FALSE,2,0,0,0,FALSE,0,0
96.52893,9,9,FALSE,2,0,0,0,FALSE,0,0
96.66799,9,9,FALSE,2,0,0,0,FALSE,0,0
96.79854,9,9,FALSE,2,0,0,0,FALSE,0,0
96.93057,9,9,FALSE,2,0,0,0,FALSE,0,0
97.07118,9,9,FALSE,2,0,0,0,FALSE,0,0
97.21535,9,9,FALSE,2,0,0,0,FALSE,0,0
97.3491,9,9,FALSE,2,0,0,0,FALSE,0,0
97.48721,9,9,FALSE,2,0,0,0,FALSE,0,0
97.63383,9,9,FALSE,2,0,0,0,FALSE,0,0
97.77978,9,9,FALSE,2,0,0,0,FALSE,0,0
97.91819,9,9,FALSE,2,0,0,0,FALSE,0,0
98.05065,9,9,FALSE,2,0,0,0,FALSE,0,0
98.18165,9,9,FALSE,2,0,0,0,FALSE,0,0
98.3205,10,9,FALSE,2,0,0,0,FALSE,0,0
98.46726,10,9,FALSE,2,0,0,0,FALSE,0,0
98.59833,10,9,FALSE,2,0,0,0,FALSE,0,0
98.73674,10,9,FALSE,2,0,0,0,FALSE,0,0
98.88265,10,9,FALSE,2,0,0,0,FALSE,0,0
99.02874,10,9,FALSE,2,0,0,0,FALSE,0,0
99.16993,10,9,FALSE,2,0,0,0,FALSE,0,0
99.30285,10,9,FALSE,2,0,0,0,FALSE,0,0
99.44335,10,9,FALSE,2,0,0,0,FALSE,0,0
99.58448,10,9,FALSE,2,0,0,0,FALSE,0,0
99.71876,10,9,FALSE,2,0,0,0,FALSE,0,0
99.86196,10,9,FALSE,2,0,0,0,FALSE,0,0
100.001038,10,9,FALSE,2,0,0,0,FALSE,0,0
100.133537,10,9,FALSE,2,0,0,0,FALSE,0,0
100.279579,10,9,FALSE,2,0,0,0,FALSE,0,0
100.418457,10,9,FALSE,2,0,0,0,FALSE,0,0
