{
    "utterances": [
        {
            "text": "\u062f\u0648\u0631",
            "entities": [
                {
                    "entity": "Distance:Distance",
                    "start": 0,
                    "end": 3,
                    "body": "\u062f\u0648\u0631",
                    "entities": []
                }
            ],
            "traits": [],
            "intent": "Far"
        },
        {
            "text": "\u0646\u0632\u062f\u06cc\u06a9",
            "entities": [
                {
                    "entity": "Distance:Distance",
                    "start": 0,
                    "end": 5,
                    "body": "\u0646\u0632\u062f\u06cc\u06a9",
                    "entities": []
                }
            ],
            "traits": [],
            "intent": "Near"
        },
        {
            "text": "\u0648\u0633\u0637",
            "entities": [
                {
                    "entity": "Distance:Distance",
                    "start": 0,
                    "end": 3,
                    "body": "\u0648\u0633\u0637",
                    "entities": []
                }
            ],
            "traits": [],
            "intent": "Mid"
        }
    ]
}
